{
  "Avg3": {
    "f_r": 1.0223547824802477,
    "depth": -3.240226084856105,
    "area": 3.291957429290905
  },
  "Avg2": {
    "f_r": 1.0276452214243121,
    "depth": -3.2089410434540704,
    "area": 3.4462660622210453
  }
}